Timestamp,Tuổi của bạn,Nghề nghiệp hiện tại,Bạn có đang học ngôn ngữ mới không?,Bạn có đang sử dụng app học từ vựng Flashcard để hỗ trợ việc học không?,Bạn sử dụng app để học về những đề tài nào sau đây (chọn 1 hoặc nhiều),Bạn thường sử dụng ứng dụng nào sau đây để hỗ trợ việc học từ vựng (chọn 1 hoặc nhiều),"App học từ vựng hiện tại của bạn mang đến những lợi ích nào sau đây:
1 = Rất không đồng ý
2 = Không đồng ý
3 = Trung lập
4 = Đồng ý
5 = Rất đồng ý [Giúp tôi tiết kiệm thời gian học]","App học từ vựng hiện tại của bạn mang đến những lợi ích nào sau đây:
1 = Rất không đồng ý
2 = Không đồng ý
3 = Trung lập
4 = Đồng ý
5 = Rất đồng ý [Giúp tôi ghi nhớ từ vựng / khái niệm lâu hơn]","App học từ vựng hiện tại của bạn mang đến những lợi ích nào sau đây:
1 = Rất không đồng ý
2 = Không đồng ý
3 = Trung lập
4 = Đồng ý
5 = Rất đồng ý [Giúp tôi hiểu ý nghĩa của từ một cách sâu sắc]","App học từ vựng hiện tại của bạn mang đến những lợi ích nào sau đây:
1 = Rất không đồng ý
2 = Không đồng ý
3 = Trung lập
4 = Đồng ý
5 = Rất đồng ý [Mang lại phương pháp học hiệu quả hơn các công cụ truyền thống]","App học từ vựng hiện tại của bạn mang đến những lợi ích nào sau đây:
1 = Rất không đồng ý
2 = Không đồng ý
3 = Trung lập
4 = Đồng ý
5 = Rất đồng ý [Giúp tôi đạt được điểm cao trong các kỳ thi]",Bạn sử dụng app trên nền tảng nào?,App còn mang lại những lợi ích nào hay bạn còn quan tâm đến những tính năng nào khác những điều đã nêu ở trên?,"Bạn quan tâm đến những tính năng nào sau đây của ứng dụng học từ vựng mà bạn đang sử dụng:
1 = Rất không cần thiết
2 = Ít quan trọng
3 = Trung lập
4 = Quan tâm
5 = Rất quan tâm [Thuật toán Lặp lại ngắt quãng (Spaced repetition)]","Bạn quan tâm đến những tính năng nào sau đây của ứng dụng học từ vựng:
1 = Rất không cần thiết
2 = Ít quan trọng
3 = Trung lập
4 = Quan tâm
5 = Rất quan tâm [Notification, giúp nhắc nhở đến thời gian học]","Bạn quan tâm đến những tính năng nào sau đây của ứng dụng học từ vựng mà bạn đang sử dụng:
1 = Rất không cần thiết
2 = Ít quan trọng
3 = Trung lập
4 = Quan tâm
5 = Rất quan tâm [Giao diện thân thiện, dễ sử dụng]","Bạn quan tâm đến những tính năng nào sau đây của ứng dụng học từ vựng mà bạn đang sử dụng:
1 = Rất không cần thiết
2 = Ít quan trọng
3 = Trung lập
4 = Quan tâm
5 = Rất quan tâm [Giao diện đẹp, bắt mắt]","Bạn quan tâm đến những tính năng nào sau đây của ứng dụng học từ vựng mà bạn đang sử dụng:
1 = Rất không cần thiết
2 = Ít quan trọng
3 = Trung lập
4 = Quan tâm
5 = Rất quan tâm [Có bộ sưu tập từ vựng phong phú]","Bạn quan tâm đến những tính năng nào sau đây của ứng dụng học từ vựng:
1 = Rất không cần thiết
2 = Ít quan trọng
3 = Trung lập
4 = Quan tâm
5 = Rất quan tâm [Tính năng từ điển giúp tra nghĩa của từ]","Bạn quan tâm đến những tính năng nào sau đây của ứng dụng học từ vựng mà bạn đang sử dụng:
1 = Rất không cần thiết
2 = Ít quan trọng
3 = Trung lập
4 = Quan tâm
5 = Rất quan tâm [Giúp luyện tập kỹ năng nghe]","Bạn quan tâm đến những tính năng nào sau đây của ứng dụng học từ vựng mà bạn đang sử dụng:
1 = Rất không cần thiết
2 = Ít quan trọng
3 = Trung lập
4 = Quan tâm
5 = Rất quan tâm [Giúp luyện tập kỹ năng nói]","Bạn quan tâm đến những tính năng nào sau đây của ứng dụng học từ vựng mà bạn đang sử dụng:
1 = Rất không cần thiết
2 = Ít quan trọng
3 = Trung lập
4 = Quan tâm
5 = Rất quan tâm [Giúp luyện tập kỹ năng đọc]","Bạn quan tâm đến những tính năng nào sau đây của ứng dụng học từ vựng mà bạn đang sử dụng:
1 = Rất không cần thiết
2 = Ít quan trọng
3 = Trung lập
4 = Quan tâm
5 = Rất quan tâm [Giúp luyện tập kỹ năng viết (Hán tự)]","Bạn quan tâm đến những tính năng nào sau đây của ứng dụng học từ vựng mà bạn đang sử dụng:
1 = Rất không cần thiết
2 = Ít quan trọng
3 = Trung lập
4 = Quan tâm
5 = Rất quan tâm [Nhiều tuỳ chỉnh trong việc tạo thẻ từ vựng]",Column 25,"Theo bạn, ứng dụng học từ vựng hiện tại có những điểm gì cần cải tiến?",Column 27,"Cảm nhận về ứng dụng học từ vựng hiện tại mà bạn đang dùng
1 = Rất không đồng ý
2 = Không đồng ý
3 = Trung lập
4 = Đồng ý
5 = Rất đồng ý [Ứng dụng của tôi có giao diện thân thiện, dễ dàng thao tác]","Cảm nhận về ứng dụng học từ vựng hiện tại mà bạn đang dùng
1 = Rất không đồng ý
2 = Không đồng ý
3 = Trung lập
4 = Đồng ý
5 = Rất đồng ý [Tôi có thể tạo bộ từ vựng cho mình dễ dàng và nhanh chóng]","Cảm nhận về ứng dụng học từ vựng hiện tại mà bạn đang dùng
1 = Rất không đồng ý
2 = Không đồng ý
3 = Trung lập
4 = Đồng ý
5 = Rất đồng ý [Tôi cần hướng dẫn để sử dụng các chức năng quan trọng trong app]","Cảm nhận về ứng dụng học từ vựng hiện tại mà bạn đang dùng
1 = Rất không đồng ý
2 = Không đồng ý
3 = Trung lập
4 = Đồng ý
5 = Rất đồng ý [Tôi cảm thấy việc học từ vựng trên app là thuận tiện]",Bạn có sẵn sàng trả phí cho app học từ vựng hiện tại của bạn không?,"Trong suốt thời gian học, bạn đã chi trả bao nhiêu cho ứng dụng học từ vựng hiện tại? (VND)",Bạn biết đến app học từ vựng qua đâu,"Bạn quan tâm đến những tính năng nào sau đây của ứng dụng học từ vựng mà bạn đang sử dụng:
1 = Rất không cần thiết
2 = Ít quan trọng
3 = Trung lập
4 = Quan tâm
5 = Rất quan tâm [Giúp tạo ra lộ trình học phù hợp với kiến thức của tôi]",Vui lòng chia sẻ những cảm nhận khác với những điều đã nêu ở trên (nếu có)?,"Theo bạn, mức phí mà bạn cho là hợp lý để sử dụng gói premium mỗi tháng là bao nhiêu? (VND)","Nhìn chung, bạn đánh giá mức độ hài lòng của mình với ứng dụng học từ vựng như thế nào?
1 = Rất không hài lòng 
2 = Không hài lòng 
3 = Bình thường 
4 = Hài lòng 
5 = Rất hài lòng","Bạn có hài lòng với những tính năng hiện tại của app mà bạn đang dùng?
1 = Rất không hài lòng
2 = Không hài lòng
3 = Bình thường
4 = Hài lòng
5 = Rất hài lòng","Chọn đáp án phù hợp nhất đối với bạn
1 = Rất không đồng ý
2 = Không đồng ý
3 = Trung lập
4 = Đồng ý
5 = Rất đồng ý [Row 1]","Chọn đáp án phù hợp nhất đối với bạn
1 = Rất không đồng ý
2 = Không đồng ý
3 = Trung lập
4 = Đồng ý
5 = Rất đồng ý [Trải nghiệm thực tế của tôi với ứng dụng học từ vựng tốt hơn so với kỳ vọng ban đầu.]","Chọn đáp án phù hợp nhất đối với bạn
1 = Rất không đồng ý
2 = Không đồng ý
3 = Trung lập
4 = Đồng ý
5 = Rất đồng ý [Trải nghiệm thực tế của tôi với ứng dụng học từ vựng tốt hơn so với kỳ vọng ban đầu.]","Chọn đáp án phù hợp nhất đối với bạn
1 = Rất không đồng ý
2 = Không đồng ý
3 = Trung lập
4 = Đồng ý
5 = Rất đồng ý [Các chức năng mà ứng dụng cung cấp vượt hơn mong đợi của tôi.]","Chọn đáp án phù hợp nhất đối với bạn
1 = Rất không đồng ý
2 = Không đồng ý
3 = Trung lập
4 = Đồng ý
5 = Rất đồng ý [Nhìn chung, ứng dụng học từ vựng đã đáp ứng hầu hết kỳ vọng ban đầu của tôi.]","Bạn mong muốn cải thiện những khía cạnh nào của ứng dụng học từ vựng mà bạn đang sử dụng?
1 = Hoàn toàn không cần cải thiện
2 = Không cần cải thiện
3 = Trung lập
4 = Cần cải thiện
5 = Rất cần cải thiện [Giao diện rối và có quá nhiều tính năng]","Bạn mong muốn cải thiện những khía cạnh nào của ứng dụng học từ vựng mà bạn đang sử dụng?
1 = Hoàn toàn không cần cải thiện
2 = Không cần cải thiện
3 = Trung lập
4 = Cần cải thiện
5 = Rất cần cải thiện [Giao diện không đẹp]","Bạn mong muốn cải thiện những khía cạnh nào của ứng dụng học từ vựng mà bạn đang sử dụng?
1 = Hoàn toàn không cần cải thiện
2 = Không cần cải thiện
3 = Trung lập
4 = Cần cải thiện
5 = Rất cần cải thiện [Bộ sưu tập từ vựng ít, không đáp ứng được nhu cầu của tôi]","Bạn mong muốn cải thiện những khía cạnh nào của ứng dụng học từ vựng mà bạn đang sử dụng?
1 = Hoàn toàn không cần cải thiện
2 = Không cần cải thiện
3 = Trung lập
4 = Cần cải thiện
5 = Rất cần cải thiện [Thiếu lộ trình học phù hợp]","Bạn mong muốn cải thiện những khía cạnh nào của ứng dụng học từ vựng mà bạn đang sử dụng?
1 = Hoàn toàn không cần cải thiện
2 = Không cần cải thiện
3 = Trung lập
4 = Cần cải thiện
5 = Rất cần cải thiện [Chất lượng của bộ sưu tập từ vựng]","Bạn mong muốn cải thiện những khía cạnh nào của ứng dụng học từ vựng mà bạn đang sử dụng?
1 = Hoàn toàn không cần cải thiện
2 = Không cần cải thiện
3 = Trung lập
4 = Cần cải thiện
5 = Rất cần cải thiện [Khả năng đồng bộ giữa nhiều thiết bị]","Ngoài những yếu tố đã nêu, bạn còn mong muốn cải thiện điều gì khác ở ứng dụng học từ vựng không?",Bạn sử dụng ứng dụng học từ vựng được bao lâu rồi?,"Chọn đáp án phù hợp nhất với cảm nhận của bạn.
1 = Rất không đồng ý
2 = Không đồng ý
3 = Trung lập
4 = Đồng ý
5 = Rất đồng ý [Tôi sử dụng ứng dụng học từ vựng một cách tự động mà không cần suy nghĩ]","Chọn đáp án phù hợp nhất với cảm nhận của bạn.
1 = Rất không đồng ý
2 = Không đồng ý
3 = Trung lập
4 = Đồng ý
5 = Rất đồng ý [Việc sử dụng app trở thành thói quen mỗi ngày của tôi]","Chọn đáp án phù hợp nhất với cảm nhận của bạn.
1 = Rất không đồng ý
2 = Không đồng ý
3 = Trung lập
4 = Đồng ý
5 = Rất đồng ý [Tôi tự động mở app vào thời gian rảnh]",Giới tính,Email Address,Bạn muốn được ưu tiên nhận phần quà nào khi quay số trúng thưởng?,"Bạn có muốn được liên hệ để phỏng vấn sâu thêm không? Nếu có vui lòng để lại thông tin liên lạc (sdt, zalo, ...)",Bạn có hứng thú với việc sử dụng app học từ vựng Flashcard để hỗ trợ việc học không,Column 58,Column 58,Bạn sẽ tiếp tục sử dụng ứng dụng học từ vựng flashcard chứ?,"Chọn đáp án phù hợp nhất với cảm nhận của bạn.
1 = Rất không đồng ý
2 = Không đồng ý
3 = Trung lập
4 = Đồng ý
5 = Rất đồng ý [Row 4]",Column 40,Tần suất sử dụng app học từ vựng của bạn,"App hiện tại của bạn đang có những hạn chế gì?
1 = Không phải hạn chế
2 = Ít hạn chế
3 = Trung lập
4 = Cần cải thiện
5 = Rất cần cải thiện [Giao diện phức tạp, khó sử dụng]","App hiện tại của bạn đang có những hạn chế gì?
1 = Không phải hạn chế
2 = Ít hạn chế
3 = Trung lập
4 = Cần cải thiện
5 = Rất cần cải thiện [Row 2]"
6/23/2025 23:10:46,25 - 39,Tự do (Freelancer),Có,Có,"Tiếng Anh, Tiếng Trung",AnkiDroid Flashcards,4,4,4,4,5,"Android, iOS",,5,,4,4,4,,4,5,5,5,4,,,,4,5,4,4,Có,100k - 300k,Google,3,,300k - 1 triệu,4,4,,3,,4,4,4,4,5,4,5,5,,Một vài tháng gần đây,3,4,5,,,,,,,,,,,,,
6/26/2025 2:57:55,25 - 39,Bác sĩ / Dược sĩ,Có,Có,Tiếng Hàn,AnkiDroid Flashcards,4,5,5,4,5,"Android, iOS",,4,,4,5,4,,5,5,5,5,4,,,,4,4,4,4,Có,20k - 100k,Google Play,5,cảm nhận khác,300k - 1 triệu,4,4,,2,,3,4,4,5,3,4,4,5,yếu tố khác,Một vài lần gần đây,3,4,4,Nam,secretruby2000@gmail.com,,,Có,,,,,,,,
6/26/2025 11:09:07,25 - 39,Nhân viên văn phòng,Không,Không,Tiếng Anh,AnkiDroid Flashcards,5,4,3,4,5,"Android, Window",,5,,4,4,3,,3,3,3,3,4,,,,2,2,4,4,Không,0đ,"Google Play, Google, Youtube, Facebook, Reddit",5,,0đ,4,4,,4,,4,5,4,5,3,3,3,2,,Hơn 1 năm,5,5,5,Nam,kkhoa312@gmail.com,,,Có,,,,,,,,
6/26/2025 17:19:57,25 - 39,Nhân viên văn phòng,Có,Có,"Tiếng Nhật, Tiếng Trung, HSK","AnkiDroid Flashcards, Pleco",4,4,2,3,3,"Android, Mac",,4,,5,4,3,,2,2,4,3,4,,,,2,3,4,4,Không,0đ,"Google Play, Facebook, Reddit",4,,20k - 100k,3,4,,4,,3,3,5,4,2,4,3,2,,Một vài tháng gần đây,2,2,2,Nam,vanthanh971125@gmail.com,,,Có,,,,,,,,
6/26/2025 22:16:33,Dưới 18,Học sinh / Sinh viên,Có,Có,Tiếng Anh,"AnkiDroid Flashcards, AnkiMobile Flashcards",5,5,4,5,5,"Android, Window",,5,,2,1,3,,4,2,5,1,5,,,,4,5,5,5,Không,20k - 100k,"Google Play, Youtube, Facebook",5,,Dưới 20k,5,5,,5,,5,5,2,3,3,4,5,5,,Một vài tháng gần đây,4,5,5,Nữ,lamnhu870@gmail.com,,,Có,,,,,,,,
6/26/2025 22:17:39,25 - 39,Bác sĩ / Dược sĩ,Có,Có,"Tiếng Anh, Từ vựng chuyên ngành Y","AnkiDroid Flashcards, Quizlet",3,5,5,4,3,Web,,5,,5,3,5,,3,4,5,5,5,,,,5,5,3,3,Có,20k - 100k,"App Store, Google",5,,100k - 300k,5,5,,5,,3,4,2,4,4,2,3,4,,Hơn 1 năm,1,4,3,Nam,thanh0582621431@gmail.com,,,Có,,,,,,,,
6/26/2025 22:29:57,18 - 24,Học sinh / Sinh viên,Có,Có,Tiếng Anh,AnkiMobile Flashcards,3,3,3,3,3,"iOS, Window",,3,,3,3,3,,3,3,3,3,3,,,,3,4,4,4,Không,100k - 300k,"App Store, Google Play",3,,300k - 1 triệu,5,3,,3,,3,4,3,2,2,3,3,3,,Một vài lần gần đây,3,3,3,Nam,vinhletuan12345@gmail.com,,,Có,,,,,,,,
6/26/2025 22:41:38,25 - 39,"Nhân viên văn phòng, Bác sĩ / Dược sĩ",Có,Có,"Tiếng Anh, Tiếng Trung, HSK, Từ vựng chuyên ngành Y, Tiếng Pháp, Tây Ban Nha","AnkiApp Flashcards, Memrise",5,5,5,5,5,"Web, Window","Mình thấy việc tạo thẻ mất nhiều thời gian tìm hiểu, học ngôn ngữ gần như đều có form chung. Mình chọn anki vì gần như k mất phí hoặc mức phí nhỏ ở mức chấp nhận được nhưng mất nhiều thời gian tạo và thiết lập thẻ. Mình có vài ý kiến để app của bạn có thể hoàn thiện hơn, nếu cần bạn có thể lh mình qua zl 0866091503",5,,5,4,5,,5,5,5,3,5,,,,1,2,4,5,Có,0đ,Youtube,5,"Tạo template cần biết một chút về code tìm hiểu mất thời gian, nếu các tính năng này là nút tick thì dễ dùng hơn nhiều",20k - 100k,3,3,,4,,4,4,4,4,2,4,2,5,"Dữ liệu đa phần lưu trên pc, đồng bộ trên web rồi mới lưu về đt khá bất tiện. Nếu có thể thao tác toàn bộ trên web đồng bộ luôn với đt càng tốt. Việc dùng app trên pc cũng có lợi thế k bị sao nhãng bởi việc khác trong khi học",Hơn 1 năm,4,5,5,Nữ,hongttn72@gmail.com,,,Có,,,,,,,,
6/26/2025 22:43:12,18 - 24,Học sinh / Sinh viên,Có,Có,Tiếng Anh,AnkiDroid Flashcards,4,4,3,4,5,"Android, Window",,5,,5,5,5,,5,5,5,5,5,,,,4,4,5,4,Có,0đ,Youtube,5,,20k - 100k,4,4,,4,,4,4,3,4,2,4,3,2,,Hơn 1 năm,4,4,4,Nữ,monkey281224@gmail.com,,,Có,,,,,,,,
6/26/2025 22:45:00,18 - 24,Học sinh / Sinh viên,Có,Có,"Tiếng Anh, Tiếng Nhật",AnkiMobile Flashcards,5,5,5,5,4,"iOS, Window","Luyện viết, sử dụng AI để đưa ra đoạn hội thoại và dịch từng câu sử dùng AI để sửa gợi ý cấu trúc luôn",4,,4,3,4,,4,4,4,4,4,,,,5,5,5,5,Không,0đ,"Youtube, Facebook",4,,Dưới 20k,5,5,,5,,5,5,3,2,2,2,2,2,,Một vài tháng gần đây,5,5,5,Nam,fangame1711@gmail.com,,,Có,,,,,,,,
6/26/2025 23:12:06,18 - 24,Học sinh / Sinh viên,Có,Có,"Tiếng Đức, Hammerexamen M2",AnkiMobile Flashcards,5,5,2,5,5,"iOS, Web, Mac",,5,,5,5,5,,5,5,5,1,5,,,,3,3,5,5,Có,20k - 100k,"Bạn bè giới thiệu, Giáo viên / giảng viên giới thiệu",5,,Dưới 20k,4,4,,4,,5,5,4,4,5,5,5,5,,Hơn 1 năm,5,5,3,Nam,thuong18122002@gmail.com,,,Có,,,,,,,,
6/26/2025 23:14:16,18 - 24,Học sinh / Sinh viên,Có,Có,tiếng đức,AnkiMobile Flashcards,3,4,4,4,3,iOS,minh không á,3,,3,3,3,,4,3,2,3,3,,,,4,4,4,4,Có,300k - 1 triệu,App Store,3,minh không nha,300k - 1 triệu,5,5,,3,,3,4,4,2,3,3,3,2,mình không nhe,Một vài tháng gần đây,5,4,4,Nam,collanotepre@gmail.com,,,Có,,,,,,,,
6/26/2025 23:21:48,18 - 24,Học sinh / Sinh viên,Có,Có,"Tiếng Anh, Ôn tập các môn học ở lớp",AnkiMobile Flashcards,3,4,5,5,4,"iOS, Window",,5,,5,5,5,,5,5,5,3,5,,,,4,4,5,5,Có,300k - 1 triệu,"App Store, Google, Youtube, Facebook, Reddit, ChatGPT, Giáo viên / giảng viên giới thiệu",5,,20k - 100k,5,5,,3,,4,5,5,5,5,4,5,4,,Hơn 1 năm,4,4,5,Nam,hoangquychu678@gmail.com,,,Có,,,,,,,,
6/26/2025 23:22:15,25 - 39,"Học sinh / Sinh viên, Bác sĩ / Dược sĩ",Có,Có,"Tiếng Trung, HSK, Từ vựng chuyên ngành Y",AnkiMobile Flashcards,5,5,5,5,5,iOS,,5,,5,5,5,,5,5,5,5,5,,,,5,5,5,5,Không,0đ,App Store,5,,0đ,5,5,,5,,5,5,5,5,5,5,5,5,,Hơn 1 năm,5,5,5,Nữ,tranthmhoang@gmail.com,,,Có,,,,,,,,
6/26/2025 23:26:00,25 - 39,Nhân viên văn phòng,Có,Có,"Tiếng Anh, Tiếng Trung, HSK","AnkiDroid Flashcards, AnkiMobile Flashcards, Quizlet, Memrise",4,4,4,4,4,iOS,,5,,5,4,4,,4,4,4,4,4,,,,4,4,4,4,Có,Trên 1 triệu,"App Store, Google, Youtube, Facebook",4,,100k - 300k,4,4,,4,,4,4,4,4,4,4,4,4,,Một vài tháng gần đây,4,4,5,Nam,longtranvan15091999@gmail.com,,,Có,,,,,,,,
6/27/2025 0:24:16,Trên 39,Nhân viên văn phòng,Có,Có,"Tiếng Anh, Tiếng Nhật, Tiếng Trung","AnkiDroid Flashcards, AnkiMobile Flashcards, Quizlet, Memrise",5,5,5,5,4,"Android, Window",,5,,5,5,5,,5,5,5,5,5,,,,5,3,4,5,Có,100k - 300k,"Google Play, Facebook, Bạn bè giới thiệu",5,,20k - 100k,5,5,,4,,5,5,2,2,2,2,2,2,,Một vài tháng gần đây,5,5,5,Nam,loc1052011@gmail.com,,,Có,,,,,,,,
6/27/2025 0:36:12,Dưới 18,Học sinh / Sinh viên,Có,Có,"Tiếng Anh, Tiếng Trung, HSK, Ôn tập các môn học ở lớp","AnkiDroid Flashcards, AnkiMobile Flashcards, Pleco",3,1,3,1,2,"Android, Window",Mình muốn viết và được check hán tự ngay khi học,1,,1,1,1,,1,1,1,1,2,,,,1,1,2,1,Có,0đ,"Google Play, Youtube, Bạn bè giới thiệu, Giáo viên / giảng viên giới thiệu",1,,20k - 100k,4,4,,1,,1,1,3,1,3,2,2,3,,Hơn 1 năm,1,2,3,Nữ,ttht2419@gmail.com,,,Có,,,,,,,,
6/27/2025 0:37:36,25 - 39,Học sinh / Sinh viên,Có,Có,Tiếng Nhật,"AnkiMobile Flashcards, AnkiApp Flashcards, Quizlet, Memrise, Vocabulary - Learn words daily",4,4,4,4,3,"iOS, Web, Window",Tính năng note cho card,4,,4,4,4,,4,4,4,4,4,,,,2,2,3,3,Có,0đ,"App Store, ChatGPT",2,,20k - 100k,3,3,,3,,3,3,4,3,3,3,3,4,,Một vài lần gần đây,4,4,3,Nam,baowasd2@gmail.com,,,Có,,,,,,,,
6/27/2025 0:39:38,18 - 24,Học sinh / Sinh viên,Có,Có,"Tiếng Anh, Tiếng Nhật","AnkiDroid Flashcards, AnkiMobile Flashcards",5,5,5,5,5,"Android, Window",,5,,5,5,5,,5,4,4,4,3,,,,5,1,4,4,Có,300k - 1 triệu,"App Store, Google Play, Google, Youtube, Facebook, ChatGPT, Giáo viên / giảng viên giới thiệu",3,,Dưới 20k,4,4,,5,,4,4,1,4,5,5,4,1,,Một vài lần gần đây,4,3,3,Nam,hodinhduyluc@gmail.com,,,Có,,,,,,,,
6/27/2025 0:56:55,18 - 24,Học sinh / Sinh viên,Có,Có,"Tiếng Anh, Tiếng Nhật","AnkiMobile Flashcards, Quizlet",4,4,4,5,5,iOS,,5,,5,5,5,,4,4,4,5,5,,,,4,5,4,2,Có,20k - 100k,App Store,5,,Dưới 20k,5,4,,5,,5,4,5,5,5,5,5,5,,Hơn 1 năm,1,4,4,Nam,dungquocngo1998@gmail.com,,,Có,,,,,,,,
6/27/2025 1:43:19,18 - 24,Du học sinh,Có,Có,"Tiếng Anh, Tiếng Nhật",AnkiMobile Flashcards,5,5,5,5,5,"iOS, Mac",Dạ ko ạ,5,,5,5,5,,5,5,5,5,5,,,,5,5,5,5,Có,100k - 300k,"App Store, Youtube, Facebook, ChatGPT, Bạn bè giới thiệu, Giáo viên / giảng viên giới thiệu",5,Dạ ko ạ,100k - 300k,4,5,,3,,2,2,2,2,1,3,3,1,Dạ ko ạ,Một vài lần gần đây,5,5,5,Nữ,jobformerumo@gmail.com,,,Có,,,,,,,,
6/27/2025 2:10:11,18 - 24,Học sinh / Sinh viên,Không,Có,"Tiếng Anh, Ôn tập các môn học ở lớp",AnkiApp Flashcards,4,5,3,3,3,Window,,5,,5,4,4,,3,3,3,3,5,,,,4,4,5,5,Không,0đ,"Youtube, Facebook, Reddit",5,,20k - 100k,4,5,,3,,4,3,3,3,3,3,3,5,,Một vài lần gần đây,3,4,2,Nam,anhquangunner@gmail.com,,,Có,,,,,,,,
6/27/2025 2:43:41,25 - 39,Kinh doanh,Có,Không,Tiếng Trung,Pleco,3,3,3,3,3,iOS,,4,,3,4,5,,5,4,4,4,3,,,,3,2,2,2,Không,100k - 300k,ChatGPT,3,,100k - 300k,3,3,,3,,3,3,4,4,4,4,4,4,,Một vài tháng gần đây,2,2,2,Nam,trunghieunguyen1003@gmail.com,,,Có,,,,,,,,
6/27/2025 3:04:16,25 - 39,Bác sĩ / Dược sĩ,Có,Có,"Tiếng Anh, Từ vựng chuyên ngành Y, Ôn tập các môn học ở lớp","AnkiDroid Flashcards, AnkiMobile Flashcards, Quizlet",3,4,4,3,3,"Android, Window",,3,,5,5,5,,5,5,5,5,4,,,,5,5,5,5,Có,Trên 1 triệu,"App Store, Google Play, Google, Youtube",5,,300k - 1 triệu,4,4,,3,,4,4,4,4,4,4,4,3,,Hơn 1 năm,3,3,3,Nam,nguyenphanvn95@gmail.com,,,Có,,,,,,,,
6/27/2025 3:31:11,18 - 24,Học sinh / Sinh viên,Có,Có,"Tiếng Anh, Tiếng Trung, HSK",AnkiDroid Flashcards,4,4,4,4,3,"Android, Window",,5,,5,5,5,,5,5,5,5,5,,,,4,4,4,4,Có,100k - 300k,"Google, Youtube, Facebook, Reddit, ChatGPT, Bạn bè giới thiệu",5,,100k - 300k,5,5,,5,,5,5,2,2,2,5,5,5,,Một vài tháng gần đây,1,4,4,Nam,diepvan362@gmail.com,,,Có,,,,,,,,
6/27/2025 7:38:12,Dưới 18,Học sinh / Sinh viên,Có,Có,Tiếng Anh,AnkiMobile Flashcards,4,4,4,4,4,iOS,"Anki có cộng đồng đông đảo, học hỏi và share decks lẫn nhau!",3,,4,3,4,,4,4,3,3,3,,,,2,2,4,3,Có,Dưới 20k,App Store,4,Không,20k - 100k,5,4,,4,,3,2,4,3,3,4,4,4,Không,Một vài lần gần đây,4,4,4,Nam,tienth4nhng@gmail.com,,,Có,,,,,,,,
6/27/2025 8:55:31,18 - 24,Nhân viên văn phòng,Có,Có,"Tiếng Anh, Tiếng Hàn","AnkiDroid Flashcards, AnkiMobile Flashcards, Quizlet, Pleco",3,3,4,3,4,"Android, Web, Window",,2,,3,2,1,,2,3,2,3,2,,,,3,3,2,3,Có,20k - 100k,Google Play,2,,20k - 100k,5,5,,4,,3,3,3,3,3,4,4,3,,Một vài lần gần đây,4,3,3,Nữ,nguyentrinh26603@gmail.com,,,Có,,,,,,,,
6/27/2025 11:54:23,18 - 24,"Học sinh / Sinh viên, Tự do (Freelancer)",Có,Có,"Tiếng Anh, Tiếng Trung",AnkiDroid Flashcards,2,4,4,5,5,"Android, Web, Window",,5,,5,2,5,,3,4,3,5,2,,,,5,2,5,5,Có,20k - 100k,"Google Play, Facebook, Đa số là tiktok, có những người chia sẻ những phương pháp học và app",5,"Mình không biết tự tạo bộ thể mới, nên thông thường lên mạng tải sẵn, tiện và có đủ nội dung hơn",Dưới 20k,4,4,,4,,2,3,1,1,1,2,4,1,,Hơn 1 năm,5,4,4,Nam,kiet1268813@gmail.com,,,Có,,,,,,,,
6/27/2025 16:18:00,25 - 39,Nhân viên văn phòng,Có,Có,"Tiếng Anh, Tiếng Trung",Memrise,4,4,4,4,4,iOS,,4,,5,3,5,,5,5,5,5,5,,,,4,4,4,3,Có,20k - 100k,"App Store, Bạn bè giới thiệu",5,,20k - 100k,4,4,,4,,3,3,3,3,5,5,5,5,,Một vài tháng gần đây,5,4,5,Nam,phamhien2102@gmail.com,,,Có,,,,,,,,
6/28/2025 5:01:04,25 - 39,Nhân viên văn phòng,Không,Không,Tiếng Anh,Vocabulary - Learn words daily,4,5,5,4,4,Android,"Tính năng nhắc học, gây hứng thú học",2,,5,3,5,,5,5,5,2,5,,,,4,3,4,3,Không,20k - 100k,"Google Play, Facebook, ChatGPT, Bạn bè giới thiệu",5,,20k - 100k,2,3,,4,,5,5,5,3,5,5,5,5,,Một vài tháng gần đây,5,2,2,Nữ,levuvi96@gmail.com,,,Có,,,,,,,,
6/28/2025 6:07:31,25 - 39,Tự do (Freelancer),Có,Có,"Tiếng Anh, Tiếng Trung","AnkiDroid Flashcards, AnkiMobile Flashcards, Pleco",5,5,4,5,4,"Android, Web, Window",không,5,,5,5,5,,5,5,3,4,4,,,,5,4,3,4,Có,100k - 300k,"Google Play, Facebook, Bạn bè giới thiệu",4,,20k - 100k,5,5,,5,,5,5,3,3,5,5,4,4,,Hơn 1 năm,5,4,4,Nam,chienquoc00722@gmail.com,,,Có,,,,,,,,
6/29/2025 0:42:02,25 - 39,Nhân viên văn phòng,Có,Có,Tiếng Anh,AnkiDroid Flashcards,5,5,4,4,3,"Android, Window",,4,,4,3,4,,4,4,4,3,4,,,,4,4,3,4,Có,0đ,Google,4,,20k - 100k,5,5,,4,,3,4,3,3,2,3,3,2,,Hơn 1 năm,3,5,5,Nam,han.vu2306@gmail.com,,,Có,,,,,,,,
6/29/2025 19:34:50,18 - 24,Học sinh / Sinh viên,Có,Không,Tiếng Anh,AnkiDroid Flashcards,1,3,2,1,2,Android,,3,,2,2,1,,2,1,2,3,1,,,,2,4,1,3,Không,100k - 300k,Google Play,2,,20k - 100k,5,5,,2,,3,4,2,1,2,3,1,2,Tôi không còn ý kiến gì nữa ,Một vài lần gần đây,1,3,2,Nam,lehuy6212mukbang@gmail.com,,,Không,,,,,,,,
6/30/2025 5:24:02,25 - 39,Nhân viên văn phòng,Có,Có,Tiếng Trung,"AnkiMobile Flashcards, Pleco",5,5,2,4,3,"iOS, Web, Window",tuỳ chỉnh theo sở thích và nhu cầu học,2,,3,4,2,,4,4,4,4,5,,,,5,5,2,5,Có,Trên 1 triệu,Google,4,,100k - 300k,5,5,,5,,4,5,1,2,1,1,1,1,"tuỳ thuộc vào năng lực coding và tạo deck nha, vì anki cho phép nhà phát triển tích hợp tính năng vào nên những điểm thiếu sót của anki thì họ có thể tự phát triển thêm tính năng mới để cover nó. Hơn nữa người dùng cũng có thể tự tạo deck nên vấn đề chất lượng bộ sưu tập từ vựng ko phải là điều đáng lo ngại",Hơn 1 năm,5,5,5,Nữ,contact.hoanganh.ba@gmail.com,,,Có,,,,,,,,
7/4/2025 2:28:14,25 - 39,Nhân viên văn phòng,Có,Có,"Tiếng Anh, Tiếng Nhật",Quizlet,3,4,3,4,3,Android,,3,,5,4,4,,5,3,4,4,3,,,,4,3,3,4,Có,Trên 1 triệu,"Bạn bè giới thiệu, Giáo viên / giảng viên giới thiệu",4,,300k - 1 triệu,4,4,,4,,3,3,3,3,2,2,2,4,,Một vài tháng gần đây,3,3,3,Nam,dokumarucm@gmail.com,,,Có,,,,,,,,
7/4/2025 19:58:22,Dưới 18,Học sinh / Sinh viên,Có,Có,Tiếng Anh,AnkiMobile Flashcards,3,3,3,4,3,Android,,3,,3,3,4,,4,3,3,3,3,,,,3,2,5,4,Không,0đ,"Google Play, Youtube",3,,0đ,3,3,,4,,3,4,5,5,3,3,3,3,,Một vài tháng gần đây,4,4,4,Nam,09nam90@gmail.com,,,,,,,,,,,
7/9/2025 4:29:38,18 - 24,Học sinh / Sinh viên,Có,Có,"Tiếng Anh, Từ vựng chuyên ngành Y","AnkiDroid Flashcards, AnkiMobile Flashcards",5,5,5,5,5,"iOS, Window",,5,,4,4,4,,4,4,4,4,4,,,,4,4,4,4,Có,0đ,ChatGPT,4,,20k - 100k,5,5,,5,,5,5,1,1,1,1,1,1,,Hơn 1 năm,5,5,3,Nam,nsquang.1112006@gmail.com,Thẻ Cào Viettel,,,,,,,,,,
7/9/2025 4:33:18,18 - 24,Học sinh / Sinh viên,Có,Có,Tiếng Anh,AnkiDroid Flashcards,5,5,3,5,5,"Android, Window","Add on giải trí, tuỳ biến cao",5,,5,5,3,,4,2,3,3,5,,,,4,4,3,5,Có,0đ,Youtube,5,,0đ,5,5,,5,,4,5,1,1,1,1,1,1,,Hơn 1 năm,5,5,2,Nam,ngochungxt123@gmail.com,Thẻ Cào Viettel,,,,,,,,,,
7/9/2025 4:36:07,18 - 24,Học sinh / Sinh viên,Có,Có,"Tiếng Anh, Từ vựng chuyên ngành Y","AnkiMobile Flashcards, Quizlet, Memrise",3,3,3,4,4,"iOS, Web, Window",,5,,5,3,5,,5,5,5,5,4,,,,3,4,4,4,Có,300k - 1 triệu,Youtube,4,,100k - 300k,4,4,,3,,4,4,2,2,2,2,1,1,,Hơn 1 năm,3,2,4,Nữ,khanhngocle8706@gmail.com,Thẻ Apple Gift Card,,,,,,,,,,
7/9/2025 4:40:43,18 - 24,Học sinh / Sinh viên,Có,Có,"Tiếng Anh, Tiếng Trung, Ôn tập các môn học ở lớp","AnkiDroid Flashcards, Quizlet",4,4,4,4,4,Android,,5,,3,4,4,,4,3,3,4,4,,,,4,4,3,4,Có,0đ,"Google Play, Facebook, Bạn bè giới thiệu",4,,20k - 100k,5,4,,4,,4,5,4,3,3,3,4,4,,Một vài tháng gần đây,4,5,4,Nữ,anhq9154@gmail.com,Thẻ Cào Vinaphone,,,,,,,,,,
7/9/2025 4:42:01,18 - 24,Học sinh / Sinh viên,Có,Có,"Tiếng Trung, HSK, Ôn tập các môn học ở lớp","AnkiMobile Flashcards, Quizlet, Pleco",5,5,3,5,4,"iOS, Window",,5,,5,5,5,,5,5,5,5,5,,,,4,3,5,5,Có,20k - 100k,"App Store, Youtube, Facebook, Bạn bè giới thiệu",5,,20k - 100k,4,4,,3,,3,4,3,3,3,5,3,3,,Một vài tháng gần đây,4,3,2,Nữ,donga652003@gmail.com,Thẻ Google Play,,,,,,,,,,
7/9/2025 4:51:42,18 - 24,Học sinh / Sinh viên,Có,Có,Tiếng Anh,"AnkiDroid Flashcards, AnkiMobile Flashcards",5,5,3,5,3,"Android, Window",,5,,5,4,3,,3,3,3,4,4,,,,3,4,4,4,Có,0đ,Youtube,3,,20k - 100k,4,4,,4,,4,4,3,3,2,2,2,2,,3 năm,3,4,3,Nam,uk12345678zz@gmail.com,Thẻ Cào Viettel,,,,,,,,,,
7/9/2025 4:52:40,18 - 24,Học sinh / Sinh viên,Có,Có,"Tiếng Anh, Tiếng Trung","AnkiDroid Flashcards, AnkiMobile Flashcards, Quizlet, Pleco",5,5,4,5,4,"Android, Window","tạo thành thói quen, dễ sử dụng, nhớ lâu",5,,5,4,5,,5,5,5,3,5,,,,4,5,4,5,Có,300k - 1 triệu,"Google Play, Google, Youtube, Facebook, ChatGPT",5,không có,20k - 100k,4,4,,4,,4,4,4,5,5,5,4,3,có cộng đồng để lấy tài liệu có sẵn,Một vài lần gần đây,5,5,4,Nam,tranlamhack@gmail.com,Thẻ Google Play,,,,,,,,,,
7/9/2025 4:52:53,25 - 39,Bác sĩ / Dược sĩ,Có,Có,"Tiếng Anh, Từ vựng chuyên ngành Y","AnkiMobile Flashcards, Quizlet",5,5,4,3,3,"Android, iOS, Web",,5,,5,4,5,,4,3,5,3,4,,,,4,5,3,4,Có,20k - 100k,"Google, Facebook, Bạn bè giới thiệu",4,,20k - 100k,4,4,,4,,4,4,3,5,3,4,3,2,,Hơn 1 năm,4,4,4,Nam,linh7121996@gmail.com,Thẻ Cào Vinaphone,,,,,,,,,,
7/9/2025 4:54:05,18 - 24,Học sinh / Sinh viên,Có,Có,Tiếng Anh,"AnkiDroid Flashcards, AnkiMobile Flashcards",4,5,5,4,5,"Android, Window",,5,,5,2,4,,4,2,4,2,5,,,,5,5,4,3,Có,100k - 300k,"Facebook, Bạn bè giới thiệu",4,,20k - 100k,5,5,,5,,5,5,1,3,1,5,2,1,,Hơn 1 năm,4,5,5,Nam,phatnguyen4192@gmail.com,Thẻ Cào Mobiphone,,,,,,,,,,
7/9/2025 5:21:09,18 - 24,Học sinh / Sinh viên,Có,Có,Tiếng Anh,"AnkiMobile Flashcards, Quizlet, Memrise, Vocabulary - Learn words daily",3,4,4,4,3,"Android, iOS",,5,,4,3,5,,4,2,4,4,4,,,,2,2,5,4,Có,0đ,"Facebook, Bạn bè giới thiệu",4,,Dưới 20k,4,5,,4,,4,4,4,2,4,1,1,4,,Hơn 1 năm,4,4,4,Nữ,sunnyheart91992@gmail.com,Thẻ Cào Viettel,,,,,,,,,,
7/9/2025 5:21:28,18 - 24,Học sinh / Sinh viên,Có,Có,Tiếng Anh,"AnkiDroid Flashcards, AnkiMobile Flashcards, Memrise",4,5,3,5,4,"Android, Web",Có tính năng đếm streak giúp tôi có động lực học,5,,5,2,4,,5,3,4,3,5,,,,4,5,5,4,Không,20k - 100k,"Youtube, Bạn bè giới thiệu",5,Có quá nhiều chức năng dẫn đến khó sử dụng,20k - 100k,4,4,,4,,3,4,5,4,3,3,4,4,"Các bài tập cần được thiết kế với độ khó tăng dần
",Một vài lần gần đây,3,4,4,Nam,ductinnguyen337@gmail.com,Thẻ Google Play,,,,,,,,,,
7/9/2025 5:26:45,18 - 24,Học sinh / Sinh viên,Không,Có,Tiếng Anh,AnkiMobile Flashcards,5,5,5,5,4,"iOS, Window",Có thể sử dụng bộ thẻ của người khác chia sẻ,5,,5,5,5,,3,3,5,3,5,,,,5,4,5,5,Có,300k - 1 triệu,Giáo viên / giảng viên giới thiệu,5,"Anki nếu dùng quen rồi thì siêu đỉnh top 1, người mới thì lại dễ từ bỏ Anki vì khó dùng và tạo thẻ khá mất thời gian ",20k - 100k,5,5,,5,,5,5,2,2,2,2,3,1,"Trong ứng dụng mà có sẵn từ điển thì đỉnh luôn, đỡ mất công đi tìm tòi",Hơn 1 năm,3,5,4,Nam,phamcongsang8866@gmail.com,Thẻ Cào Viettel,,,,,,,,,,
7/9/2025 5:27:42,18 - 24,Bác sĩ / Dược sĩ,Có,Có,"Tiếng Anh, Từ vựng chuyên ngành Y, kiến thức y khoa","AnkiDroid Flashcards, Quizlet",5,5,5,5,5,iOS,k,4,,4,4,4,,4,4,4,2,4,,,,5,3,4,5,Có,20k - 100k,"Google, Youtube, Bạn bè giới thiệu",4,k,20k - 100k,4,4,,5,,3,4,4,2,3,3,4,3,k,Hơn 1 năm,5,5,5,Nữ,maothienly@gmail.com,Thẻ Cào Viettel,,,,,,,,,,
7/9/2025 5:29:36,Dưới 18,Học sinh / Sinh viên,Có,Có,"Tiếng Anh, Tiếng Trung","AnkiDroid Flashcards, Pleco",3,3,2,3,3,Android,"E muốn cải thiện giao diện bên anki sặc sỡ kích thích hơn mong có biểu đồ quạt tròn tăng % nữa ạ , app hay nhưng kho từ vựng chưa cập nhật đủ theo xu hướng thời gian",3,,3,2,2,,3,2,3,3,3,,,,3,2,4,3,Không,100k - 300k,Facebook,3,"Phần thông báo nên có chuông ạ với cả nên có gr xây dựng chat mn về việc học từ vựng của các bạn, có nhóm trao đổi ",Dưới 20k,3,3,,3,,3,2,4,4,4,4,3,4,Từ vựng có thêm hội thoại nối từ và đoán nghĩa kèm nhiều câu đồng trái nghĩa ,Hơn 1 năm,3,4,2,Nữ,hoanghaiken0@gmail.com,Thẻ Cào Vinaphone,,,,,,,,,,
7/9/2025 5:35:15,Dưới 18,Học sinh / Sinh viên,Có,Có,"Tiếng Anh, Tiếng Trung, HSK, Ôn tập các môn học ở lớp","Quizlet, Memrise, Vocabulary - Learn words daily, Yourhomework",5,5,3,4,5,"Web, Window",không có,5,,5,3,4,,5,5,5,5,5,,,,5,5,3,5,Không,0đ,"Google, Youtube, Facebook, Bạn bè giới thiệu, Giáo viên / giảng viên giới thiệu",5,,20k - 100k,4,4,,5,,3,5,1,1,5,5,5,5,,Hơn 1 năm,5,4,3,Nữ,vuquangminh29122013@gmail.com,Không cần quà,,,,,,,,,,
7/9/2025 5:40:39,18 - 24,Học sinh / Sinh viên,Có,Có,Tiếng Anh,AnkiDroid Flashcards,5,5,5,5,5,Window,,5,,5,5,2,,4,1,5,2,5,,,,5,5,2,5,Không,0đ,Bạn bè giới thiệu,3,,Dưới 20k,4,4,,5,,5,4,1,1,1,3,5,5,,Hơn 1 năm,5,5,5,Nam,hoanyugi1@gmail.com,Thẻ Cào Viettel,,,,,,,,,,
7/9/2025 5:42:28,18 - 24,Học sinh / Sinh viên,Có,Có,Tiếng Nhật,"Quizlet, Memrise",4,4,4,4,4,"Android, Web",,4,,4,4,4,,4,4,3,4,3,,,,4,4,4,4,Không,0đ,"Google Play, Youtube, Facebook, Bạn bè giới thiệu, Giáo viên / giảng viên giới thiệu",3,,20k - 100k,4,4,,3,,4,4,4,4,4,4,4,4,,Hơn 1 năm,4,4,4,Nữ,haonhien17042003@gmail.com,Thẻ Cào Vinaphone,,,,,,,,,,
7/9/2025 5:57:17,18 - 24,Học sinh / Sinh viên,Có,Có,"Tiếng Anh, Ôn tập các môn học ở lớp","AnkiDroid Flashcards, AnkiMobile Flashcards, Quizlet, Memrise",5,4,3,5,4,"Android, iOS, Web, Window",tất cả đêu ổn/ cảm ơn b,5,,5,5,5,,5,5,5,3,4,,,,4,5,4,5,Không,0đ,"Google, Youtube, Facebook, Bạn bè giới thiệu",5,"cần nhiều sự sáng tạo hơn và đổi mới
",0đ,5,4,,3,,4,4,3,5,4,4,5,4,nice,Hơn 1 năm,2,3,3,Nam,ddoquangthanh9c@gmail.com,Thẻ Cào Viettel,,,,,,,,,,
7/9/2025 5:58:23,18 - 24,Học sinh / Sinh viên,Có,Có,Tiếng Anh,"AnkiMobile Flashcards, Quizlet",5,5,3,4,5,iOS,Giảm thiểu được tập sách và tiết kiệm được thời gian,5,,5,5,5,,3,3,3,3,5,,,,4,2,4,5,Có,20k - 100k,"App Store, Youtube, Facebook, Bạn bè giới thiệu",5,Không có,20k - 100k,5,5,,5,,4,4,3,1,1,3,4,5,,Một vài tháng gần đây,3,4,3,Nam,phongtao200062012@gmail.com,Thẻ Cào Viettel,,,,,,,,,,
7/9/2025 6:30:51,18 - 24,Học sinh / Sinh viên,Có,Có,"Tiếng Anh, Tiếng Trung, HSK","AnkiDroid Flashcards, AnkiMobile Flashcards",3,3,3,3,3,"iOS, Window",không,3,,3,3,3,,3,3,3,3,3,,,,3,3,4,3,Có,100k - 300k,"Youtube, Facebook",3,,20k - 100k,4,4,,3,,3,3,2,2,2,2,2,2,,Một vài tháng gần đây,3,3,3,Nữ,trnquynk@gmail.com,Thẻ Apple Gift Card,không,,,,,,,,,
7/9/2025 7:15:59,25 - 39,Nhân viên văn phòng,Có,Có,"Tiếng Anh, Tiếng Nhật, Tiếng Trung","AnkiApp Flashcards, Pleco",5,4,4,5,4,Android,App mang lại nhiều tính năng và khá đầy đủ rồi,4,,5,4,5,,4,5,4,5,4,,,,5,4,5,4,Có,20k - 100k,"Google Play, Bạn bè giới thiệu",5,Tôi thấy app rất tuyệt vời rồi,20k - 100k,5,5,,4,,5,4,2,2,1,1,2,1,Giao diện bắt mắt hơn nữa ,Hơn 1 năm,4,5,4,Nam,duyhoang0605ba@gmail.com,Thẻ Cào Viettel,0973142165,,,,,,,,,
7/9/2025 7:30:01,25 - 39,Nhân viên văn phòng,Có,Có,"Tiếng Anh, Tiếng Nhật","AnkiDroid Flashcards, AnkiApp Flashcards, Quizlet, Vocabulary - Learn words daily",4,4,3,2,4,"Android, iOS",ở trên đã đầy đủ,4,,3,3,4,,2,3,4,2,4,,,,5,4,5,5,Có,100k - 300k,"App Store, Google Play, Google, Youtube, Facebook, ChatGPT, Bạn bè giới thiệu",2,không có,100k - 300k,5,5,,4,,3,4,1,2,2,3,1,3,không đã đầy đủ,Một vài lần gần đây,5,5,5,Nam,phuongnam231223@gmail.com,Thẻ Cào Viettel,,,,,,,,,,
7/9/2025 7:33:18,18 - 24,"Học sinh / Sinh viên, Giáo viên / Giảng viên",Có,Có,"Tiếng Anh, Tiếng Hàn","AnkiDroid Flashcards, AnkiMobile Flashcards, Quizlet",4,4,4,4,5,"Android, Web, Window",Giúp nhớ lâu hơn và nắm chắc kiến thưc hơn,5,,5,5,5,,4,3,5,3,5,,,,5,4,4,5,Không,0đ,"Google, Youtube, Facebook",5,Không ạ,20k - 100k,5,5,,4,,4,4,5,2,2,2,2,4,Tính năng đơn giản hoá hơn,Hơn 1 năm,3,4,4,Nam,giangtruonglayad0901@gmail.com,Thẻ Cào Vinaphone,Không ạ,,,,,,,,,
7/9/2025 7:34:46,Dưới 18,Học sinh / Sinh viên,Có,Có,Tiếng Anh,"AnkiDroid Flashcards, Quizlet, Vocabulary - Learn words daily",4,4,4,4,4,Android,nhắc nhở học,4,,4,4,4,,4,4,4,4,4,,,,4,4,4,4,Có,100k - 300k,Google Play,4,,100k - 300k,4,4,,4,,4,4,4,4,4,4,4,4,không,Hơn 1 năm,3,3,3,Nam,annhtuu2007@gmail.com,Thẻ Cào Mobiphone,0349061045,,,,,,,,,
7/9/2025 7:36:22,Dưới 18,Học sinh / Sinh viên,Có,Có,"Tiếng Anh, Tiếng Nhật, Từ vựng chuyên ngành Y","AnkiDroid Flashcards, AnkiMobile Flashcards, Quizlet, Pleco, Vocabulary - Learn words daily",4,4,4,4,4,"Android, iOS, Web, Window","App còn tính năng ""Streak"" giúp tạo động lực học tập",3,,5,4,3,,4,5,4,4,5,,,,4,4,4,4,Có,Dưới 20k,"App Store, Google Play, Google, Youtube, Facebook, Reddit, ChatGPT, Bạn bè giới thiệu, Giáo viên / giảng viên giới thiệu",4,Giáo trình App soạn rất ổn cho việc học tốc độ.,100k - 300k,4,4,,4,,4,4,4,5,4,5,4,4,Tôi nghĩ App nên có phần mềm bổ trợ như AI,Hơn 1 năm,4,3,4,Nam,ngoctuan.hue18@gmail.com,Thẻ Google Play,SDT: 0369973078,,,,,,,,,
7/9/2025 7:37:29,18 - 24,Nhân viên văn phòng,Có,Có,"Tiếng Anh, Tiếng Nhật","AnkiMobile Flashcards, Quizlet, Pleco",4,4,4,4,4,Android,linh hoạt,4,,4,4,4,,4,4,4,4,4,,,,4,4,4,4,Có,300k - 1 triệu,"Google, Facebook, ChatGPT",4,,300k - 1 triệu,4,4,,4,,4,4,4,4,4,4,4,4,thời gian,Một vài tháng gần đây,4,4,4,Nữ,dmmsechh@gmail.com,Thẻ Cào Mobiphone,0866161387,,,,,,,,,
7/9/2025 7:47:56,18 - 24,Học sinh / Sinh viên,Có,Có,"Tiếng Anh, Tiếng Hàn",AnkiMobile Flashcards,4,5,3,5,4,"iOS, Window","dễ tạo thẻ, cho phép người dùng code thêm tính năng",4,,4,4,4,,5,5,5,4,5,,,,2,3,4,4,Có,20k - 100k,Youtube,5,ứng dụng khó dùng nếu không có hướng dẫn,20k - 100k,5,5,,4,,4,4,4,4,2,2,2,3,"hình ảnh phù hợp, phát âm chuẩn",Hơn 1 năm,2,4,3,Nữ,esdeath.dn123@gmail.com,Thẻ Cào Mobiphone,0935085367,,,,,,,,,
7/9/2025 7:55:10,18 - 24,Nhân viên văn phòng,Có,Có,"Tiếng Anh, Tiếng Trung","Quizlet, Memrise",3,5,3,4,3,Android,"Có thể tìm những bộ từ vựng do cộng đồng đóng góp, giảm thời gian tạo bài học",3,,4,4,4,,3,5,3,4,3,,,,3,4,4,3,Có,100k - 300k,"Google Play, Google, Youtube",3,,100k - 300k,4,4,,3,,4,4,4,3,3,4,4,3,Tôi muốn có 1 bot AI có thể tạo từ vựng ngẫu nhiên để nâng cao thêm vốn từ,Một vài tháng gần đây,3,4,4,Nam,dungbantoinua@gmail.com,Thẻ Google Play,0833140702,,,,,,,,,
7/9/2025 8:06:57,18 - 24,Học sinh / Sinh viên,Có,Có,"Tiếng Anh, Tiếng Trung","AnkiApp Flashcards, Quizlet",5,5,5,5,4,Window,,4,,4,3,4,,5,4,4,4,5,,,,5,5,1,5,Không,0đ,"Facebook, Bạn bè giới thiệu, Giáo viên / giảng viên giới thiệu",4,,Dưới 20k,4,3,,3,,3,3,2,2,5,3,5,4,,Hơn 1 năm,4,5,5,Nữ,maiipham14@gmail.com,Thẻ Cào Mobiphone,,,,,,,,,,
7/9/2025 8:19:30,18 - 24,Học sinh / Sinh viên,Có,Có,Tiếng Anh,"AnkiDroid Flashcards, Vocabulary - Learn words daily",5,4,4,4,3,"Android, Window",,3,,4,4,5,,3,3,4,2,3,,,,5,4,4,5,Không,0đ,"Google Play, Google, Youtube",3,,20k - 100k,4,4,,3,,4,4,2,2,2,3,3,4,học theo thời gian biểu,Một vài tháng gần đây,2,4,4,Nam,phamphucdtp@gmail.com,Thẻ Google Play,,,,,,,,,,
7/9/2025 9:12:42,Dưới 18,Học sinh / Sinh viên,Có,Có,Tiếng Anh,Quizlet,5,5,3,4,4,"Android, Web",,5,,3,3,1,,4,3,5,3,4,,,,4,4,1,5,Không,0đ,Tiktok,3,,100k - 300k,4,3,,4,,4,4,1,1,3,2,2,2,,Hơn 1 năm,3,4,4,Nữ,ngocphan300908@gmail.com,Không cần quà,,,,,,,,,,
7/9/2025 9:26:53,25 - 39,Nhân viên văn phòng,Có,Có,Tiếng Anh,Memrise,5,5,4,5,3,Android,,3,,5,5,5,,5,5,5,3,5,,,,5,5,3,5,Không,0đ,Google Play,5,,Dưới 20k,5,3,,5,,4,3,2,3,2,4,4,2,,Hơn 1 năm,4,3,2,Nam,quan010696@gmail.com,Thẻ Cào Viettel,,,,,,,,,,
7/9/2025 9:57:21,18 - 24,Học sinh / Sinh viên,Có,Có,"Tiếng Anh, Tiếng Pháp","AnkiDroid Flashcards, AnkiMobile Flashcards",5,5,5,5,5,"Android, Window",tính năng tích hợp AI,5,,5,5,5,,5,2,5,4,5,,,,5,5,5,5,Có,20k - 100k,"Google Play, Google, Youtube, Facebook, Tiktok",5,,100k - 300k,5,5,,5,,5,5,2,4,1,2,2,1,,Một vài tháng gần đây,5,5,5,Nam,cuucon119@gmail.com,Thẻ Google Play,,,,,,,,,,
7/9/2025 10:09:57,25 - 39,Bác sĩ / Dược sĩ,Có,Có,"Tiếng Anh, Từ vựng chuyên ngành Y",Quizlet,5,5,5,5,4,Android,Có trò chơi thú vị bằng tiếng Anh,3,,5,3,5,,5,5,5,5,4,,,,5,4,3,5,Có,300k - 1 triệu,"Google, Youtube, ChatGPT",5,Đa dạng từ vựng,300k - 1 triệu,4,5,,3,,3,4,3,3,4,5,4,4,,Một vài tháng gần đây,4,5,5,Nữ,nguyenthihanvagaucon@gmail.com,Thẻ Cào Viettel,0973880307,,,,,,,,,
7/9/2025 10:31:35,Dưới 18,Học sinh / Sinh viên,Có,Không,Tiếng Anh,"AnkiDroid Flashcards, Quizlet",4,4,2,3,3,Web,,5,,4,4,5,,5,3,5,5,5,,,,4,3,1,3,Không,0đ,"Youtube, Facebook",5,,0đ,3,3,,3,,3,4,1,1,1,4,3,1,,Hơn 1 năm,5,2,1,Nữ,mushroom.yew.doi@gmail.com,Thẻ Cào Viettel,,,,,,,,,,
7/9/2025 10:47:18,18 - 24,"Học sinh / Sinh viên, Du học sinh",Có,Có,"Tiếng Anh, Tiếng Trung",AnkiDroid Flashcards,5,5,2,5,5,"Android, Web, Window",,5,,5,5,5,,1,1,5,5,5,,,,2,2,5,5,Có,0đ,"Youtube, Facebook",5,"Anki rất tuyệt, tuy nhiên nó có nhược điểm rất lớn là không thân thiện với người mới (newbie), nên sẽ có rất nhiều người sẽ bỏ cuộc nếu không thật sự chịu ngồi xuống và tìm hiểu cách sử dụng Anki, bản thân mình cũng đã từng bỏ cuộc vì thấy cách setup để sử dụng Anki rất khó, tuy nhiên mình đã cố gắng ngồi xuống và tìm cách sử dụng cũng như cố gắng học thử theo kiểu flagcard + lặp lại ngắt quãng mà Anki mang lại trong việc học tiếng Trung để nhớ chữ Hán, và mình khá bất ngờ vì nó thật sự hiệu quả",100k - 300k,5,5,,5,,4,5,5,5,3,3,5,5,"Mình không biết những app khác thế nào, nhưng mình thấy Anki đang làm rất tốt ở khoảng đồng bộ giữa bản Web, app PC, app điện thoại (Android), về phần iOS thì mình không biết Anki có làm tốt giống như bên Android không",5 tháng,3,5,5,Nam,trongthinh2002@gmail.com,Không cần quà,0335657428,,,,,,,,,
7/9/2025 14:24:42,18 - 24,Học sinh / Sinh viên,Có,Có,Tiếng Anh,"AnkiDroid Flashcards, Quizlet",5,4,4,4,3,Android,,4,,4,4,5,,5,3,3,5,4,,,,4,4,4,3,Không,0đ,"Google Play, Google, Youtube, Facebook",4,,100k - 300k,4,4,,4,,4,4,2,2,2,4,2,4,Mình nghĩ phần mềm cần cải thiện về phần thông báo nhắc nhở khi đến giờ ôn tập từ vựng cần phải gắt hơn. Mình nghĩ là như thế,Một vài tháng gần đây,4,3,3,Nam,vungoctl2512@gmail.com,Thẻ Cào Viettel,0379607020,,,,,,,,,
7/9/2025 20:07:05,Dưới 18,Học sinh / Sinh viên,Có,Có,Tiếng Anh,"AnkiApp Flashcards, Quizlet, Memrise, Vocabulary - Learn words daily",5,5,5,5,3,"Android, Window","Làm cho em ghi nhớ từng vựng lâu hơn, có thể nói rõ hơn.",4,,5,5,4,,5,5,5,4,5,,,,5,4,5,5,Có,100k - 300k,"Google, Youtube, Facebook, Bạn bè giới thiệu, Giáo viên / giảng viên giới thiệu, Tiktok",5,,100k - 300k,4,5,,4,,4,5,4,3,4,5,4,4,Có thể thêm cách phát âm US và UK,Hơn 1 năm,5,5,5,Nam,tkdungdothoi@gmail.com,Thẻ Google Play,0353086729,,,,,,,,,
7/10/2025 1:56:14,18 - 24,Học sinh / Sinh viên,Có,Có,"Tiếng Anh, Tiếng Nhật",AnkiDroid Flashcards,3,4,3,5,5,"Android, Window",,5,,4,4,2,,3,5,3,5,4,,,,3,3,3,3,Không,0đ,Youtube,3,,Dưới 20k,4,4,,3,,3,3,3,4,3,3,3,2,,Hơn 1 năm,4,4,1,Nam,longbq.jp.2027@gmail.com,Thẻ Google Play,,,,,,,,,,
7/10/2025 3:32:03,18 - 24,Học sinh / Sinh viên,Có,Có,"Tiếng Anh, Tiếng Trung, Ôn tập các môn học ở lớp, ","AnkiDroid Flashcards, AnkiMobile Flashcards",1,1,3,2,3,"Android, Window",ôn tập những thứ mình thích học và quan tâm,4,,5,3,3,,3,3,4,2,5,,,,3,2,4,5,Có,300k - 1 triệu,Facebook,3,,20k - 100k,4,4,,5,,4,4,2,2,4,3,4,1,,2 năm,3,5,3,Nam,ngomanh08072003@gmail.com,Thẻ Google Play,,,,,,,,,,
7/10/2025 4:27:04,25 - 39,Nhân viên văn phòng,Có,Có,Tiếng Hàn,Quizlet,4,4,3,4,3,iOS,Không có,4,,5,5,3,,4,3,4,3,4,,,,4,4,2,4,Có,Dưới 20k,App Store,4,Không có,Dưới 20k,4,4,,4,,4,4,3,3,3,4,4,4,Không có,Một vài tháng gần đây,3,3,4,Nữ,bhan0803@gmail.com,Thẻ Cào Mobiphone,0908336274,,,,,,,,,
7/10/2025 10:57:33,18 - 24,Học sinh / Sinh viên,Có,Có,"Tiếng Anh, Ôn tập các môn học ở lớp",AnkiDroid Flashcards,4,5,4,5,4,"Android, Window",,5,,4,3,5,,3,2,4,2,5,,,,3,4,4,4,Có,0đ,"Google Play, Facebook, ChatGPT",3,,20k - 100k,5,5,,4,,5,4,2,3,1,3,2,1,,Một vài tháng gần đây,2,5,4,Nữ,nezuko1405@gmail.com,Thẻ Cào Mobiphone,,,,,,,,,,
7/10/2025 22:44:27,25 - 39,Nhân viên văn phòng,Có,Có,Tiếng Anh,Vocabulary - Learn words daily,4,4,5,4,4,Android,,4,,5,5,4,,4,4,5,3,4,,,,4,5,4,5,Có,20k - 100k,"Google Play, Youtube, Facebook",5,,Dưới 20k,4,4,,5,,4,4,2,2,1,2,2,4,,Hơn 1 năm,4,5,5,Nam,dinhxuanlai1997@gmail.com,Thẻ Cào Viettel,0969992220,,,,,,,,,
7/10/2025 23:14:38,25 - 39,Nhân viên văn phòng,Có,Có,Tiếng Hàn,Quizlet,4,4,4,4,3,iOS,,4,,4,4,3,,4,3,4,3,4,,,,4,4,3,4,Không,0đ,"App Store, Giáo viên / giảng viên giới thiệu",3,,0đ,3,3,,4,,4,4,4,2,3,3,3,4,,Một vài lần gần đây,3,4,4,Nữ,baoxin013@gmail.com,Thẻ Cào Viettel,0865836274,,,,,,,,,
7/10/2025 23:48:37,Trên 39,"Kinh doanh, Tự do (Freelancer)",Có,Có,Tiếng Anh,AnkiMobile Flashcards,4,5,5,4,4,"iOS, Window",,5,,4,3,4,,4,4,4,4,4,,,,4,5,3,5,Có,300k - 1 triệu,"App Store, Google, Youtube, Facebook",5,,100k - 300k,4,5,,4,,5,4,3,2,3,3,3,2,,Hơn 1 năm,4,3,5,Nam,boyquang@gmail.com,Thẻ Apple Gift Card,,,,,,,,,,
7/16/2025 9:06:46,18 - 24,Nhân viên văn phòng,Có,Có,"Tiếng Anh, Tiếng Trung","AnkiDroid Flashcards, Memrise",4,5,4,3,4,"Android, Window",giúp tôi hiểu rõ hơn về cấu trúc ngữ pháp,5,,4,5,5,,4,5,4,3,4,,,,4,5,4,5,Có,20k - 100k,"App Store, Google Play, Youtube, Facebook, Bạn bè giới thiệu, Tiktok",4,nó giúp tôi cải thiện đáng kể về trình độ tiếng anh ,20k - 100k,5,4,,4,,5,4,4,5,5,4,3,4,nên có thêm 1 số chương trình nhận thưởng để khuyến khích học thêm ,Hơn 1 năm,4,5,4,Nam,khang18709@gmail.com,Thẻ Apple Gift Card,0921728211,,,,,,,,,
7/16/2025 9:06:58,18 - 24,Học sinh / Sinh viên,Có,Có,Tiếng Anh,Quizlet,5,5,5,5,4,"iOS, Window",Có những trò chơi để ghi nhớ trở nên thú vị hơn,4,,5,5,4,,5,5,4,4,5,,,,5,4,5,5,Có,20k - 100k,"App Store, Youtube, Bạn bè giới thiệu, Giáo viên / giảng viên giới thiệu",4,,20k - 100k,4,4,,5,,5,4,5,3,5,5,5,3,,Hơn 1 năm,3,4,5,Nam,trananh10112006@gmail.com,Thẻ Apple Gift Card,,,,,,,,,,
7/16/2025 9:10:49,18 - 24,Học sinh / Sinh viên,Có,Có,"Tiếng Anh, Ôn tập các môn học ở lớp",Quizlet,1,1,1,1,1,"iOS, Window",app giúp tôi nhớ nhanh và nhớ lâu,1,,1,1,1,,1,1,1,1,1,,,,1,1,1,1,Có,100k - 300k,"App Store, Facebook, Bạn bè giới thiệu",1,tôi cảm thấy rất thích thú khi học,20k - 100k,5,5,,1,,1,1,1,1,1,1,1,1,không,Hơn 1 năm,1,1,1,Nam,hongquang597@gmail.com,Thẻ Cào Viettel,0984393925,,,,,,,,,
7/16/2025 9:11:53,25 - 39,Nhân viên văn phòng,Có,Có,"Tiếng Anh, Tiếng Nhật","AnkiMobile Flashcards, Quizlet, Memrise",5,4,4,4,4,Android,Mang lại nhiều kiến thức bổ ích ,5,,4,4,4,,4,4,4,4,4,,,,5,4,4,4,Có,20k - 100k,"Google, Facebook, ChatGPT",4,,20k - 100k,4,4,,5,,4,4,5,4,4,4,4,4,,Một vài tháng gần đây,5,4,4,Nữ,nguyentrangtvtt09@gmail.com,Thẻ Cào Viettel,0325488709,,,,,,,,,
7/16/2025 9:13:16,25 - 39,Nhân viên văn phòng,Có,Có,Tiếng Anh,"Quizlet, Memrise, Vocabulary - Learn words daily",3,3,4,4,3,"iOS, Web",,4,,4,4,4,,3,3,2,2,4,,,,4,4,3,4,Có,300k - 1 triệu,"ChatGPT, Bạn bè giới thiệu, Tiktok",4,,100k - 300k,3,4,,3,,2,3,3,4,3,4,4,4,,Hơn 1 năm,3,4,4,Nữ,thanhthuy291098@gmail.com,Thẻ Cào Viettel,,,,,,,,,,
7/16/2025 9:13:41,18 - 24,Học sinh / Sinh viên,Có,Có,"Tiếng Anh, Ôn tập các môn học ở lớp","Quizlet, Vocabulary - Learn words daily",4,3,3,4,3,"Android, Web, Window",Không,3,,4,3,4,,3,3,4,1,4,,,,3,4,3,3,Có,Trên 1 triệu,"Youtube, Facebook, Bạn bè giới thiệu",3,"Tôi hài lòng với nội dung, giao diện, âm thanh của app",100k - 300k,4,4,,4,,3,3,1,1,1,3,2,2,Không,Một vài tháng gần đây,3,4,3,Nam,doangiahuy1213@gmail.com,Thẻ Cào Mobiphone,,,,,,,,,,
7/16/2025 9:18:30,18 - 24,Học sinh / Sinh viên,Có,Có,"Tiếng Anh, Tiếng Trung","AnkiDroid Flashcards, Quizlet, Vocabulary - Learn words daily",4,3,3,4,4,Android,Không,4,,4,5,4,,4,3,4,4,4,,,,4,3,4,4,Có,0đ,"Google Play, Tiktok",4,,0đ,4,4,,4,,3,3,2,2,2,3,3,2,,Hơn 1 năm,4,5,4,Nam,nguyenxuanhuy6a1@gmail.com,Thẻ Cào Viettel,,,,,,,,,,
7/16/2025 9:20:33,25 - 39,Nhân viên văn phòng,Có,Có,"Tiếng Anh, Tiếng Trung","Quizlet, Pleco, Vocabulary - Learn words daily",5,5,5,5,4,Android,App có thể khiến bạn tăng năng suất học. Kích thích quá trình qua bài để học bài mới. Mình muốn có thêm các tính năng in ra được bài tập. Để đôi khi mình test lại hoặc tập viết thủ công theo mẫu đã học,3,,5,4,5,,5,5,5,5,5,,,,5,4,3,5,Có,100k - 300k,"App Store, Google Play, Google, Youtube, Facebook, ChatGPT, Bạn bè giới thiệu, Giáo viên / giảng viên giới thiệu, Tiktok",5,Ngoài ra mình thấy một vài vấn đề bắt cập là hiện nay một số app tính giá mua gói bằng đô la. Nếu quy ra tiền việt thì mình thấy hơi cao so với ngoại tệ nước mình. Nên một số app mình căn nhắc lắm. ,20k - 100k,4,4,,4,,4,4,3,3,3,4,4,5,Cần load nhanh vô ứng dụng,Một vài lần gần đây,4,4,5,Nữ,rencykieu@gmail.com,Thẻ Cào Viettel,Zalo nhé 0343050029 nhắn mình nhé. Đừng gọi á tại mình đi làm ít tiện nghe điện thoại,,,,,,,,,
7/16/2025 9:20:45,Dưới 18,Học sinh / Sinh viên,Có,Có,Tiếng Anh,"AnkiDroid Flashcards, AnkiMobile Flashcards",5,5,5,5,5,"Android, Window",,5,,5,3,5,,5,5,5,5,5,,,,5,5,4,5,Không,0đ,Bạn bè giới thiệu,5,,0đ,4,4,,5,,4,4,3,3,3,5,3,4,,Một vài lần gần đây,2,1,1,Nữ,phuc.19062010@gmail.com,Không cần quà,,,,,,,,,,
7/16/2025 9:24:45,25 - 39,Nhân viên văn phòng,Có,Có,"Tiếng Anh, Tiếng Hàn","AnkiDroid Flashcards, Quizlet, Memrise",5,4,5,4,5,Android,"App giúp tôi học từ vựng một cách khoa học hơn, không cần phải ghi chép nhiều. Đồng thời tôi quan tâm đến các tính năng như phát âm từ vựng nhiều app phát âm không chuẩn khó nghe.  Và nên thêm vào phần tự đặt câu với từ vựng đó sẽ giúp nhớ lâu hơn. Và phần đánh giá phát âm của mình để cải thiện phần nói.",4,,5,4,5,,5,4,5,4,5,,,,5,5,4,5,Có,100k - 300k,"Google Play, Google, Youtube, Facebook, ChatGPT, Bạn bè giới thiệu, Giáo viên / giảng viên giới thiệu, Tiktok",5,Tôi cảm nhận app rất thú vị sắp xếp khoa học. Phù hợp với thời đại công nghệ.,100k - 300k,4,5,,4,,5,4,4,5,4,4,5,4,Thiếu hướng dẫn cách dùng từ vựng,Hơn 1 năm,5,4,5,Nữ,mocmien0417@gmail.com,Thẻ Cào Viettel,0388169367,,,,,,,,,
7/16/2025 9:29:55,18 - 24,Nhân viên văn phòng,Có,Có,"Tiếng Anh, Tiếng Nhật, Tiếng Trung","AnkiDroid Flashcards, AnkiMobile Flashcards, AnkiApp Flashcards, Quizlet, Memrise, Pleco, Vocabulary - Learn words daily",5,5,4,5,4,Android,"Dễ học dễ nhớ, không phải tìm người bản xứ trò chuyện ",5,,4,5,5,,5,4,5,5,5,,,,5,4,5,5,Có,300k - 1 triệu,"Google Play, Google, Youtube, Facebook, Bạn bè giới thiệu",5,Nói chung là yêu thích mọi thứ khi học ngôn ngữ mới,300k - 1 triệu,5,5,,5,,4,5,5,5,4,5,5,5,Không á,Hơn 1 năm,5,4,5,Nam,lelam0740@gmail.com,Thẻ Cào Viettel,0377241942,,,,,,,,,
7/16/2025 9:31:52,18 - 24,Học sinh / Sinh viên,Có,Có,Tiếng Anh,Quizlet,3,3,3,3,2,Android,,4,,4,4,4,,3,3,3,3,4,,,,3,3,3,3,Không,0đ,Google Play,4,,20k - 100k,4,4,,3,,3,4,4,4,4,4,4,4,,Một vài tháng gần đây,3,3,3,Nữ,caothinhatha1405@gmail.com,Thẻ Cào Viettel,,,,,,,,,,
7/16/2025 9:32:18,18 - 24,Học sinh / Sinh viên,Có,Có,"Tiếng Anh, Tiếng Nhật, Tiếng Trung","AnkiApp Flashcards, Quizlet, Memrise, Pleco",5,5,5,5,5,Android,"Mình thấy mấy app này còn giúp mình dễ học mọi lúc mọi nơi và lưu trữ từ vựng lâu dài không sợ mất dữ liệu. Mình thích nhất là có phát âm chuẩn và hình minh hoạ để nhớ từ nhanh hơn, đỡ bị nhàm chán. Ngoài ra mình cũng quan tâm đến tính năng nhắc học hằng ngày để tạo thói quen học đều đặn. Nếu có thêm mini game hoặc quiz nhỏ để kiểm tra từ vựng thì sẽ càng thú vị hơn và đỡ bị áp lực. Mình cũng mong app có báo cáo tiến độ học chi tiết để biết mình đang học đến đâu và còn yếu phần nào để cải thiện.",4,,5,5,4,,5,5,4,5,4,,,,5,4,5,5,Có,20k - 100k,"App Store, Google Play, Youtube, Facebook, Bạn bè giới thiệu, Giáo viên / giảng viên giới thiệu, Tiktok",4,"Mình thấy ngoài những điểm trên thì mình cũng thích nếu app có thêm phần cộng đồng để chia sẻ hoặc tìm bộ từ vựng của người khác cho nhanh. Mình cũng mong có tính năng nhắc nhở học hằng ngày để duy trì thói quen. Nếu app có thêm phần mini game hoặc quiz nhỏ thì sẽ giúp việc ôn từ vựng đỡ nhàm chán. Ngoài ra, mình cũng muốn có báo cáo tiến độ học để biết mình còn yếu phần nào để ôn tập thêm. Nhìn chung mình thấy học trên app rất tiện nhưng cần cập nhật thêm nội dung mới thường xuyên.",20k - 100k,4,4,,4,,5,5,4,5,5,4,5,5,"Mình mong app tối ưu tốc độ tải để không bị lag khi chuyển thẻ. Mình cũng muốn có phần hỗ trợ người dùng như chatbot hoặc FAQ để khi gặp lỗi thì dễ xử lý. Thêm nữa, app nên có chế độ học offline để thuận tiện khi không có mạng. Nếu có thể cá nhân hoá giao diện theo sở thích thì sẽ tạo cảm giác mới mẻ hơn. Mình cũng hy vọng app có thêm tính năng nhắc nhở học linh hoạt theo thời gian biểu của từng người.",Một vài lần gần đây,4,5,5,Nam,sonxu111@gmail.com,Thẻ Cào Mobiphone,,,,,,,,,,
7/16/2025 10:07:03,18 - 24,Học sinh / Sinh viên,Có,Có,Tiếng Trung,"AnkiDroid Flashcards, Quizlet, Pleco",4,4,5,4,4,"Android, iOS",Vui giải trí,3,,4,2,4,,2,3,3,3,2,,,,5,2,4,4,Có,20k - 100k,"App Store, Google, Youtube, Facebook, ChatGPT, Bạn bè giới thiệu",3,Khó tạo từ vựng,Dưới 20k,4,5,,4,,4,4,2,2,3,3,3,3,Ít quảng cáo thôi,Một vài lần gần đây,3,4,4,Nữ,kieunguyen.19102004nh2@gmail.com,Thẻ Cào Viettel,0394865007,,,,,,,,,
7/16/2025 10:11:12,25 - 39,Nhân viên văn phòng,Có,Không,Tiếng Anh,Memrise,5,5,5,4,3,iOS,,3,,4,4,3,,4,4,4,3,3,,,,4,3,3,3,Không,0đ,"App Store, Facebook, Bạn bè giới thiệu, Giáo viên / giảng viên giới thiệu",3,,0đ,4,4,,3,,3,4,3,3,3,4,3,3,,Một vài tháng gần đây,3,3,4,Nam,chskiller1997@gmail.com,Thẻ Cào Mobiphone,,,,,,,,,,
7/16/2025 10:11:19,25 - 39,Nhân viên văn phòng,Có,Không,Tiếng Anh,"Quizlet, Memrise",4,5,4,4,4,Android,,4,,5,4,4,,5,4,5,4,4,,,,4,5,3,4,Không,0đ,"Facebook, Bạn bè giới thiệu, Giáo viên / giảng viên giới thiệu",3,,Dưới 20k,4,4,,3,,4,5,4,4,3,3,4,3,,Một vài lần gần đây,3,3,4,Nam,sonhoang.67823@gmail.com,Thẻ Cào Mobiphone,,,,,,,,,,
7/16/2025 10:25:26,18 - 24,Học sinh / Sinh viên,Có,Có,"Tiếng Anh, Tiếng Trung","AnkiDroid Flashcards, Quizlet",4,4,3,4,3,"Android, iOS",Tự tạo những câu hỏi rồi ôn rất hay,4,,4,4,4,,4,4,4,4,4,,,,4,4,4,4,Có,20k - 100k,"App Store, Youtube, Facebook",4,,20k - 100k,4,4,,4,,4,4,2,2,2,4,3,4,,Hơn 1 năm,4,4,4,Nữ,hainangbbb@gmail.com,Thẻ Cào Viettel,0977001936,,,,,,,,,
7/16/2025 11:18:31,25 - 39,Học sinh / Sinh viên,Có,Có,"Tiếng Anh, Tiếng Trung, HSK","AnkiMobile Flashcards, Quizlet, Pleco",5,5,5,4,4,"Android, Window",,4,,5,5,5,,5,5,5,4,4,,,,5,5,5,4,Có,100k - 300k,"Google Play, Google, Youtube, Facebook, ChatGPT, Bạn bè giới thiệu, Giáo viên / giảng viên giới thiệu, Tiktok",5,,100k - 300k,5,5,,5,,5,5,1,2,1,1,1,1,,Một vài tháng gần đây,4,5,5,Nữ,taehan0802@gmail.com,Thẻ Google Play,Email: taehan0802@gmail.com,,,,,,,,,
7/16/2025 11:23:25,25 - 39,Nhân viên văn phòng,Có,Có,"Tiếng Anh, Tiếng Trung","AnkiMobile Flashcards, Quizlet, Pleco",5,5,4,3,3,"Android, Window","Áp giúp tôi biết mặt chữ trung, dễ hình dung và nhận mặt chữ 1 cách chính xác nhất chứ lên trung tâm nhiều cô giáo chữ xấu khó nhìn",4,,5,1,4,,5,5,5,5,4,,,,4,5,3,5,Có,100k - 300k,"Google Play, Google, Facebook, Bạn bè giới thiệu",5,Không có. Tôi thấy app rất ổn định,100k - 300k,5,5,,5,,5,5,1,1,1,1,1,1,Giảm bớt dung lượng vì app hơi nặng mayd và cần chạy ngầm tốn ram,Hơn 1 năm,4,5,5,Nam,cuong14071@gmail.com,Thẻ Cào Mobiphone,Sdt 0899910228 gọi điện thoại cho tôi bất kể lúc nào,,,,,,,,,
7/16/2025 14:48:58,18 - 24,Học sinh / Sinh viên,Có,Có,"Tiếng Trung, HSK, Ôn tập các môn học ở lớp","AnkiMobile Flashcards, Quizlet",4,3,3,4,3,Android,,4,,3,3,2,,4,3,3,3,4,,,,4,3,3,3,Có,Trên 1 triệu,"Bạn bè giới thiệu, Giáo viên / giảng viên giới thiệu",3,Không có,300k - 1 triệu,4,4,,3,,3,4,2,1,2,2,3,4,Không có,Hơn 1 năm,4,3,3,Nữ,catsetnga123@gmail.com,Thẻ Apple Gift Card,0901927797,,,,,,,,,
7/16/2025 21:51:00,18 - 24,Nhân viên văn phòng,Có,Có,Tiếng Anh,"AnkiDroid Flashcards, Quizlet",5,5,5,5,5,Android,Giúp tôi rèn luyện các kỹ năng thành thạo,5,,5,5,5,,5,5,5,5,5,,,,4,4,4,5,Có,100k - 300k,Google Play,5,,100k - 300k,5,5,,1,,1,1,4,4,2,2,2,2,,Hơn 1 năm,5,5,5,Nữ,buiannhien55@gmail.com,Thẻ Apple Gift Card,,,,,,,,,,
7/17/2025 3:05:23,25 - 39,Nhân viên văn phòng,Có,Không,"Tiếng Anh, Tiếng Nhật, Tiếng Trung, Tiếng Hàn, Tiếng Thái","write Thai, migii hsk",4,4,4,4,3,iOS,,3,,5,5,5,,4,4,5,4,3,,,,4,3,1,4,Không,0đ,"App Store, Google, Youtube, Facebook, ChatGPT, Bạn bè giới thiệu",4,,20k - 100k,4,4,,4,,3,5,3,3,3,3,3,3,,Một vài tháng gần đây,3,2,1,Nam,phvthinh95@gmail.com,Thẻ Cào Vinaphone,,,,,,,,,,
7/17/2025 4:39:44,Dưới 18,Học sinh / Sinh viên,Có,Có,Tiếng Anh,AnkiDroid Flashcards,5,5,5,5,5,iOS,,3,,3,4,3,,5,5,5,5,5,,,,5,5,5,5,Có,0đ,Tiktok,5,,100k - 300k,5,5,,5,,3,4,3,2,2,2,2,2,,Một vài lần gần đây,3,4,1,Nam,nguyenkiet251208@gmail.com,Thẻ Cào Viettel,,,,,,,,,,